{
    "metrics": {
        "data_received": {
            "count": 97287,
            "rate": 9412.436486588727
        },
        "data_sent": {
            "rate": 278.92785665952596,
            "count": 2883
        },
        "http_req_receiving": {
            "max": 7.684,
            "p(90)": 6.434800000000001,
            "p(95)": 7.059399999999999,
            "avg": 3.5242000000000004,
            "min": 0.322,
            "med": 3.209
        },
        "http_req_sending": {
            "avg": 0.47140000000000004,
            "min": 0.08,
            "med": 0.352,
            "max": 1.737,
            "p(90)": 0.5751000000000003,
            "p(95)": 1.1560499999999996
        },
        "http_req_connecting": {
            "med": 0,
            "max": 13.737,
            "p(90)": 1.3737000000000028,
            "p(95)": 7.5553499999999945,
            "avg": 1.3737,
            "min": 0
        },
        "vus": {
            "value": 1,
            "min": 1,
            "max": 1
        },
        "http_req_waiting": {
            "p(95)": 41.27485,
            "avg": 22.7605,
            "min": 16.055,
            "med": 18.471,
            "max": 42.079,
            "p(90)": 40.4707
        },
        "vus_max": {
            "value": 1,
            "min": 1,
            "max": 1
        },
        "http_reqs": {
            "count": 10,
            "rate": 0.9674916984374816
        },
        "http_req_duration": {
            "avg": 26.756099999999996,
            "min": 18.112,
            "med": 24.3285,
            "max": 44.892,
            "p(90)": 41.350500000000004,
            "p(95)": 43.12125
        },
        "iterations": {
            "count": 10,
            "rate": 0.9674916984374816
        },
        "http_req_duration{expected_response:true}": {
            "max": 44.892,
            "p(90)": 41.350500000000004,
            "p(95)": 43.12125,
            "avg": 26.756099999999996,
            "min": 18.112,
            "med": 24.3285
        },
        "http_req_failed": {
            "passes": 0,
            "fails": 10,
            "value": 0
        },
        "iteration_duration": {
            "p(95)": 1064.6678337,
            "avg": 1033.4825791,
            "min": 1018.820583,
            "med": 1026.6853125,
            "max": 1079.532834,
            "p(90)": 1049.8028333999998
        },
        "http_req_blocked": {
            "p(95)": 28.341099999999983,
            "avg": 5.1546,
            "min": 0,
            "med": 0.0025,
            "max": 51.526,
            "p(90)": 5.156200000000011
        },
        "http_req_tls_handshaking": {
            "avg": 2.5696000000000003,
            "min": 0,
            "med": 0,
            "max": 25.696,
            "p(90)": 2.569600000000005,
            "p(95)": 14.13279999999999
        }
    },
    "root_group": {
        "groups": {},
        "checks": {},
        "name": "",
        "path": "",
        "id": "d41d8cd98f00b204e9800998ecf8427e"
    }
}