{
    "metrics": {
        "http_req_failed": {
            "passes": 0,
            "fails": 30,
            "value": 0
        },
        "vus": {
            "value": 5,
            "min": 5,
            "max": 5
        },
        "http_req_blocked": {
            "min": 0,
            "med": 0.001,
            "max": 743.619,
            "p(90)": 705.1977,
            "p(95)": 725.0689,
            "avg": 165.69596666666678
        },
        "http_req_duration{expected_response:true}": {
            "avg": 182.7837,
            "min": 56.353,
            "med": 177.60199999999998,
            "max": 319.48,
            "p(90)": 311.29850000000005,
            "p(95)": 315.7249
        },
        "data_received": {
            "count": 104840,
            "rate": 20351.18410154006
        },
        "iterations": {
            "count": 15,
            "rate": 2.911748965310005
        },
        "http_req_duration": {
            "max": 319.48,
            "p(90)": 311.29850000000005,
            "p(95)": 315.7249,
            "avg": 182.7837,
            "min": 56.353,
            "med": 177.60199999999998
        },
        "http_req_connecting": {
            "max": 306.082,
            "p(90)": 302.8277,
            "p(95)": 303.1254,
            "avg": 64.31196666666666,
            "min": 0,
            "med": 0
        },
        "http_req_waiting": {
            "med": 177.3435,
            "max": 319.291,
            "p(90)": 305.1055,
            "p(95)": 314.88555,
            "avg": 181.9707666666667,
            "min": 56.019
        },
        "http_req_sending": {
            "med": 0.14,
            "max": 1.245,
            "p(90)": 0.31260000000000016,
            "p(95)": 0.6439999999999998,
            "avg": 0.2052333333333333,
            "min": 0.049
        },
        "http_req_receiving": {
            "avg": 0.6077,
            "min": 0.033,
            "med": 0.1235,
            "max": 6.644,
            "p(90)": 0.6371000000000006,
            "p(95)": 3.7771499999999945
        },
        "http_req_tls_handshaking": {
            "med": 0,
            "max": 358.749,
            "p(90)": 333.0178,
            "p(95)": 349.0922,
            "avg": 75.42796666666666,
            "min": 0
        },
        "data_sent": {
            "rate": 3627.0686277878294,
            "count": 18685
        },
        "http_reqs": {
            "count": 30,
            "rate": 5.82349793062001
        },
        "iteration_duration": {
            "med": 1378.256541,
            "max": 2395.901542,
            "p(90)": 2382.7154248,
            "p(95)": 2395.3320332,
            "avg": 1699.0660582666665,
            "min": 1334.597542
        },
        "vus_max": {
            "value": 5,
            "min": 5,
            "max": 5
        }
    },
    "root_group": {
        "checks": {},
        "name": "",
        "path": "",
        "id": "d41d8cd98f00b204e9800998ecf8427e",
        "groups": {}
    }
}