{
    "root_group": {
        "name": "",
        "path": "",
        "id": "d41d8cd98f00b204e9800998ecf8427e",
        "groups": {},
        "checks": {}
    },
    "metrics": {
        "iteration_duration": {
            "avg": 1051.4321035219994,
            "min": 1016.724417,
            "med": 1035.8691875,
            "max": 1777.406458,
            "p(90)": 1138.1496923,
            "p(95)": 1166.41313545
        },
        "data_received": {
            "rate": 62648.595245188226,
            "count": 689984
        },
        "vus_max": {
            "value": 50,
            "min": 50,
            "max": 50
        },
        "data_sent": {
            "count": 107430,
            "rate": 9754.340082075194
        },
        "http_req_waiting": {
            "min": 15.676,
            "med": 32.951499999999996,
            "max": 198.344,
            "p(90)": 59.1175,
            "p(95)": 68.18735,
            "avg": 37.428465999999986
        },
        "http_req_failed": {
            "passes": 473,
            "fails": 27,
            "value": 0.946
        },
        "http_req_duration": {
            "p(90)": 61.0307,
            "p(95)": 70.23955,
            "avg": 39.56803799999997,
            "min": 16.088,
            "med": 35.329499999999996,
            "max": 205.825
        },
        "http_req_receiving": {
            "avg": 2.058532,
            "min": 0.006,
            "med": 0.073,
            "max": 55.9,
            "p(90)": 6.134600000000005,
            "p(95)": 9.861149999999997
        },
        "http_req_blocked": {
            "max": 750.928,
            "p(90)": 6.678400000000729,
            "p(95)": 99.73119999999997,
            "avg": 11.26822800000012,
            "min": 0,
            "med": 0.001
        },
        "http_reqs": {
            "count": 500,
            "rate": 45.39858550719163
        },
        "http_req_duration{expected_response:true}": {
            "avg": 72.11748148148149,
            "min": 57.479,
            "med": 71.154,
            "max": 83.662,
            "p(90)": 79.73760000000001,
            "p(95)": 82.7538
        },
        "http_req_connecting": {
            "med": 0,
            "max": 32.26,
            "p(90)": 1.490800000000165,
            "p(95)": 20.879350000000002,
            "avg": 2.1352800000000007,
            "min": 0
        },
        "http_req_tls_handshaking": {
            "min": 0,
            "med": 0,
            "max": 707.693,
            "p(90)": 3.285700000000364,
            "p(95)": 60.125499999999995,
            "avg": 7.346498000000001
        },
        "http_req_sending": {
            "med": 0.0625,
            "max": 1.248,
            "p(90)": 0.14740000000000003,
            "p(95)": 0.21119999999999992,
            "avg": 0.08103999999999993,
            "min": 0.007
        },
        "iterations": {
            "count": 500,
            "rate": 45.39858550719163
        },
        "vus": {
            "value": 1,
            "min": 1,
            "max": 50
        }
    }
}