{
    "metrics": {
        "http_req_duration{expected_response:true}": {
            "avg": 203.5038888888889,
            "min": 161.4,
            "med": 192.047,
            "max": 291.709,
            "p(90)": 244.60580000000002,
            "p(95)": 268.1574
        },
        "http_req_tls_handshaking": {
            "p(90)": 28.197000000000028,
            "p(95)": 84.59099999999995,
            "avg": 15.665000000000001,
            "min": 0,
            "med": 0,
            "max": 140.985
        },
        "data_sent": {
            "count": 2703,
            "rate": 241.65985182308353
        },
        "data_received": {
            "count": 88141,
            "rate": 7880.1853494407715
        },
        "http_req_receiving": {
            "p(90)": 103.31880000000002,
            "p(95)": 143.02039999999997,
            "avg": 59.27588888888889,
            "min": 10.606,
            "med": 45.682,
            "max": 182.722
        },
        "http_req_failed": {
            "passes": 0,
            "fails": 9,
            "value": 0
        },
        "http_reqs": {
            "count": 9,
            "rate": 0.8046387963032748
        },
        "iteration_duration": {
            "avg": 1242.5955972222223,
            "min": 1164.4505,
            "med": 1196.913042,
            "max": 1504.600208,
            "p(90)": 1334.8558088,
            "p(95)": 1419.7280084
        },
        "http_req_sending": {
            "med": 0.324,
            "max": 2.918,
            "p(90)": 0.9620000000000005,
            "p(95)": 1.9399999999999993,
            "avg": 0.5913333333333334,
            "min": 0.081
        },
        "iterations": {
            "count": 9,
            "rate": 0.8046387963032748
        },
        "http_req_connecting": {
            "med": 0,
            "max": 117.056,
            "p(90)": 23.41120000000002,
            "p(95)": 70.23359999999995,
            "avg": 13.006222222222222,
            "min": 0
        },
        "http_req_duration": {
            "p(95)": 268.1574,
            "avg": 203.5038888888889,
            "min": 161.4,
            "med": 192.047,
            "max": 291.709,
            "p(90)": 244.60580000000002
        },
        "http_req_blocked": {
            "avg": 37.16588888888888,
            "min": 0,
            "med": 0.002,
            "max": 334.481,
            "p(90)": 66.89860000000006,
            "p(95)": 200.68979999999988
        },
        "http_req_waiting": {
            "med": 141.586,
            "max": 203.333,
            "p(90)": 182.745,
            "p(95)": 193.039,
            "avg": 143.63666666666668,
            "min": 108.604
        },
        "vus": {
            "min": 1,
            "max": 1,
            "value": 1
        },
        "vus_max": {
            "value": 1,
            "min": 1,
            "max": 1
        }
    },
    "root_group": {
        "name": "",
        "path": "",
        "id": "d41d8cd98f00b204e9800998ecf8427e",
        "groups": {},
        "checks": {}
    }
}