{
    "metrics": {
        "http_req_blocked": {
            "min": 0,
            "med": 333.33500000000004,
            "max": 2448.154,
            "p(90)": 2443.7853,
            "p(95)": 2445.4427,
            "avg": 781.8669500000001
        },
        "http_req_receiving": {
            "min": 0.033,
            "med": 0.124,
            "max": 1.044,
            "p(90)": 0.42400000000000015,
            "p(95)": 0.7627999999999997,
            "avg": 0.2178
        },
        "iterations": {
            "count": 10,
            "rate": 1.7378006395106351
        },
        "http_req_connecting": {
            "p(95)": 301.9141,
            "avg": 77.56555,
            "min": 0,
            "med": 6.2305,
            "max": 302.03,
            "p(90)": 301.0818
        },
        "vus_max": {
            "value": 5,
            "min": 5,
            "max": 5
        },
        "http_req_sending": {
            "avg": 0.26625000000000004,
            "min": 0.062,
            "med": 0.16799999999999998,
            "max": 1.163,
            "p(90)": 0.5272000000000001,
            "p(95)": 0.8684999999999997
        },
        "data_sent": {
            "count": 18320,
            "rate": 3183.6507715834837
        },
        "http_reqs": {
            "count": 20,
            "rate": 3.4756012790212703
        },
        "http_req_tls_handshaking": {
            "max": 299.254,
            "p(90)": 293.4314,
            "p(95)": 296.2311,
            "avg": 116.94014999999999,
            "min": 0,
            "med": 83.4935
        },
        "http_req_failed": {
            "passes": 0,
            "fails": 20,
            "value": 0
        },
        "http_req_duration": {
            "p(90)": 290.74309999999997,
            "p(95)": 291.1404,
            "avg": 151.06175000000002,
            "min": 13.597,
            "med": 147.25549999999998,
            "max": 291.832
        },
        "http_req_waiting": {
            "p(95)": 290.6978,
            "avg": 150.5777,
            "min": 13.459,
            "med": 146.389,
            "max": 291.625,
            "p(90)": 290.5329
        },
        "vus": {
            "value": 5,
            "min": 5,
            "max": 5
        },
        "iteration_duration": {
            "avg": 2868.4269458000003,
            "min": 1291.936375,
            "med": 2857.7435625,
            "max": 4447.523458,
            "p(90)": 4445.8081705,
            "p(95)": 4446.66581425
        },
        "data_received": {
            "count": 86958,
            "rate": 15111.566801056582
        },
        "http_req_duration{expected_response:true}": {
            "avg": 151.06175000000002,
            "min": 13.597,
            "med": 147.25549999999998,
            "max": 291.832,
            "p(90)": 290.74309999999997,
            "p(95)": 291.1404
        }
    },
    "root_group": {
        "path": "",
        "id": "d41d8cd98f00b204e9800998ecf8427e",
        "groups": {},
        "checks": {},
        "name": ""
    }
}