{
    "metrics": {
        "http_req_blocked": {
            "avg": 47.63475,
            "min": 0.001,
            "med": 0.002,
            "max": 381.063,
            "p(90)": 114.32100000000005,
            "p(95)": 247.6919999999999
        },
        "http_req_waiting": {
            "max": 950.769,
            "p(90)": 351.9925000000001,
            "p(95)": 651.3807499999997,
            "avg": 144.23825000000002,
            "min": 16.073,
            "med": 17.7025
        },
        "vus": {
            "value": 1,
            "min": 1,
            "max": 1
        },
        "data_sent": {
            "count": 2667,
            "rate": 244.249490551611
        },
        "http_req_duration{expected_response:true}": {
            "avg": 315.073,
            "min": 49.241,
            "med": 150.1165,
            "max": 1240.353,
            "p(90)": 661.5818000000002,
            "p(95)": 950.9673999999998
        },
        "vus_max": {
            "value": 1,
            "min": 1,
            "max": 1
        },
        "iterations": {
            "count": 8,
            "rate": 0.7326568895436399
        },
        "http_req_failed": {
            "passes": 0,
            "fails": 8,
            "value": 0
        },
        "http_req_connecting": {
            "avg": 14.72075,
            "min": 0,
            "med": 0,
            "max": 117.766,
            "p(90)": 35.32980000000002,
            "p(95)": 76.54789999999997
        },
        "iteration_duration": {
            "avg": 1364.769395875,
            "min": 1050.232959,
            "med": 1248.2039165,
            "max": 2241.280791,
            "p(90)": 1748.1528998000001,
            "p(95)": 1994.7168453999998
        },
        "http_req_duration": {
            "med": 150.1165,
            "max": 1240.353,
            "p(90)": 661.5818000000002,
            "p(95)": 950.9673999999998,
            "avg": 315.073,
            "min": 49.241
        },
        "http_req_sending": {
            "med": 0.277,
            "max": 2.438,
            "p(90)": 1.1136000000000004,
            "p(95)": 1.7757999999999996,
            "avg": 0.5683750000000001,
            "min": 0.213
        },
        "http_req_receiving": {
            "avg": 170.26637499999998,
            "min": 31.483,
            "med": 103.3415,
            "max": 396.753,
            "p(90)": 343.8414,
            "p(95)": 370.2972
        },
        "http_reqs": {
            "count": 8,
            "rate": 0.7326568895436399
        },
        "http_req_tls_handshaking": {
            "p(90)": 78.04920000000004,
            "p(95)": 169.1065999999999,
            "avg": 32.5205,
            "min": 0,
            "med": 0,
            "max": 260.164
        },
        "data_received": {
            "count": 78908,
            "rate": 7226.561230013693
        }
    },
    "root_group": {
        "name": "",
        "path": "",
        "id": "d41d8cd98f00b204e9800998ecf8427e",
        "groups": {},
        "checks": {}
    }
}