{
    "metrics": {
        "http_req_duration{expected_response:true}": {
            "p(95)": 219.5986,
            "avg": 190.61377777777778,
            "min": 138.254,
            "med": 185.356,
            "max": 220.173,
            "p(90)": 219.0242
        },
        "http_req_blocked": {
            "med": 0.002,
            "max": 453.86,
            "p(90)": 90.77760000000008,
            "p(95)": 272.31879999999984,
            "avg": 50.431,
            "min": 0.001
        },
        "data_sent": {
            "count": 2703,
            "rate": 241.7172278655698
        },
        "http_req_tls_handshaking": {
            "min": 0,
            "med": 0,
            "max": 206.663,
            "p(90)": 41.33260000000004,
            "p(95)": 123.99779999999993,
            "avg": 22.962555555555557
        },
        "http_req_connecting": {
            "med": 0,
            "max": 179.441,
            "p(90)": 35.88820000000003,
            "p(95)": 107.66459999999994,
            "avg": 19.93788888888889,
            "min": 0
        },
        "vus": {
            "value": 1,
            "min": 1,
            "max": 1
        },
        "iterations": {
            "count": 9,
            "rate": 0.8048298375102214
        },
        "http_req_receiving": {
            "avg": 14.759444444444446,
            "min": 0.274,
            "med": 15.331,
            "max": 26.32,
            "p(90)": 24.418400000000002,
            "p(95)": 25.3692
        },
        "iteration_duration": {
            "avg": 1242.4012733333332,
            "min": 1139.917667,
            "med": 1186.986917,
            "max": 1675.836667,
            "p(90)": 1311.8810998000001,
            "p(95)": 1493.8588833999997
        },
        "http_req_sending": {
            "p(95)": 1.2293999999999996,
            "avg": 0.46655555555555556,
            "min": 0.169,
            "med": 0.319,
            "max": 1.725,
            "p(90)": 0.7338000000000002
        },
        "http_req_waiting": {
            "max": 201.542,
            "p(90)": 194.7636,
            "p(95)": 198.15279999999998,
            "avg": 175.38777777777779,
            "min": 122.575,
            "med": 175.438
        },
        "vus_max": {
            "min": 1,
            "max": 1,
            "value": 1
        },
        "http_reqs": {
            "count": 9,
            "rate": 0.8048298375102214
        },
        "http_req_duration": {
            "avg": 190.61377777777778,
            "min": 138.254,
            "med": 185.356,
            "max": 220.173,
            "p(90)": 219.0242,
            "p(95)": 219.5986
        },
        "data_received": {
            "count": 88154,
            "rate": 7883.218832875117
        },
        "http_req_failed": {
            "passes": 0,
            "fails": 9,
            "value": 0
        }
    },
    "root_group": {
        "path": "",
        "id": "d41d8cd98f00b204e9800998ecf8427e",
        "groups": {},
        "checks": {},
        "name": ""
    }
}