{
    "root_group": {
        "name": "",
        "path": "",
        "id": "d41d8cd98f00b204e9800998ecf8427e",
        "groups": {},
        "checks": {}
    },
    "metrics": {
        "vus": {
            "value": 1,
            "min": 1,
            "max": 1
        },
        "http_req_sending": {
            "avg": 0.6455555555555557,
            "min": 0.333,
            "med": 0.369,
            "max": 2.824,
            "p(90)": 0.9080000000000005,
            "p(95)": 1.8659999999999992
        },
        "http_reqs": {
            "count": 9,
            "rate": 0.8178013918434488
        },
        "http_req_waiting": {
            "max": 140.609,
            "p(90)": 139.1914,
            "p(95)": 139.9002,
            "avg": 122.06000000000002,
            "min": 107.988,
            "med": 117.761
        },
        "http_req_duration{expected_response:true}": {
            "min": 129.871,
            "med": 159.26,
            "max": 213.762,
            "p(90)": 180.5996,
            "p(95)": 197.18079999999998,
            "avg": 164.10555555555555
        },
        "vus_max": {
            "value": 1,
            "min": 1,
            "max": 1
        },
        "data_sent": {
            "count": 2703,
            "rate": 245.61301801698247
        },
        "iterations": {
            "count": 9,
            "rate": 0.8178013918434488
        },
        "http_req_receiving": {
            "p(95)": 77.80299999999998,
            "avg": 41.4,
            "min": 17.876,
            "med": 39.044,
            "max": 93.935,
            "p(90)": 61.67100000000001
        },
        "iteration_duration": {
            "min": 1131.533208,
            "med": 1160.840834,
            "max": 1727.996125,
            "p(90)": 1284.4622914000001,
            "p(95)": 1506.2292081999997,
            "avg": 1222.6392916666668
        },
        "http_req_duration": {
            "med": 159.26,
            "max": 213.762,
            "p(90)": 180.5996,
            "p(95)": 197.18079999999998,
            "avg": 164.10555555555555,
            "min": 129.871
        },
        "http_req_connecting": {
            "avg": 10.992222222222223,
            "min": 0,
            "med": 0,
            "max": 98.93,
            "p(90)": 19.78600000000002,
            "p(95)": 59.35799999999997
        },
        "http_req_blocked": {
            "avg": 56.48088888888889,
            "min": 0.002,
            "med": 0.002,
            "max": 508.309,
            "p(90)": 101.6642000000001,
            "p(95)": 304.98659999999984
        },
        "http_req_failed": {
            "passes": 0,
            "fails": 9,
            "value": 0
        },
        "data_received": {
            "rate": 8009.001630786842,
            "count": 88140
        },
        "http_req_tls_handshaking": {
            "max": 362.151,
            "p(90)": 72.43020000000007,
            "p(95)": 217.29059999999987,
            "avg": 40.239000000000004,
            "min": 0,
            "med": 0
        }
    }
}