{
    "root_group": {
        "groups": {},
        "checks": {},
        "name": "",
        "path": "",
        "id": "d41d8cd98f00b204e9800998ecf8427e"
    },
    "metrics": {
        "data_sent": {
            "count": 2799,
            "rate": 270.7746767730082
        },
        "vus_max": {
            "value": 1,
            "min": 1,
            "max": 1
        },
        "http_req_failed": {
            "passes": 0,
            "fails": 9,
            "value": 0
        },
        "http_req_blocked": {
            "p(95)": 666.1577999999996,
            "avg": 123.36399999999996,
            "min": 0.001,
            "med": 0.002,
            "max": 1110.261,
            "p(90)": 222.0546000000002
        },
        "data_received": {
            "count": 88118,
            "rate": 8524.516958872431
        },
        "http_reqs": {
            "count": 9,
            "rate": 0.8706581246720521
        },
        "http_req_sending": {
            "med": 0.319,
            "max": 2.291,
            "p(90)": 0.7662000000000003,
            "p(95)": 1.5285999999999993,
            "avg": 0.5286666666666666,
            "min": 0.219
        },
        "http_req_connecting": {
            "med": 0,
            "max": 14.859,
            "p(90)": 2.9718000000000027,
            "p(95)": 8.915399999999995,
            "avg": 1.651,
            "min": 0
        },
        "http_req_tls_handshaking": {
            "p(95)": 21.11999999999999,
            "avg": 3.9111111111111114,
            "min": 0,
            "med": 0,
            "max": 35.2,
            "p(90)": 7.040000000000007
        },
        "iteration_duration": {
            "med": 1024.931708,
            "max": 2143.923917,
            "p(90)": 1250.3015162000002,
            "p(95)": 1697.1127165999997,
            "avg": 1148.3969953333333,
            "min": 1020.824917
        },
        "http_req_waiting": {
            "p(95)": 21.9158,
            "avg": 19.963555555555555,
            "min": 17.735,
            "med": 20.775,
            "max": 22.139,
            "p(90)": 21.6926
        },
        "http_req_receiving": {
            "avg": 2.375111111111112,
            "min": 1.784,
            "med": 2.084,
            "max": 3.99,
            "p(90)": 3.5172000000000003,
            "p(95)": 3.7536
        },
        "iterations": {
            "count": 9,
            "rate": 0.8706581246720521
        },
        "http_req_duration{expected_response:true}": {
            "min": 19.863,
            "med": 23.504,
            "max": 25.923,
            "p(90)": 25.3862,
            "p(95)": 25.6546,
            "avg": 22.867333333333335
        },
        "vus": {
            "min": 1,
            "max": 1,
            "value": 1
        },
        "http_req_duration": {
            "avg": 22.867333333333335,
            "min": 19.863,
            "med": 23.504,
            "max": 25.923,
            "p(90)": 25.3862,
            "p(95)": 25.6546
        }
    }
}