{
    "root_group": {
        "id": "d41d8cd98f00b204e9800998ecf8427e",
        "groups": {},
        "checks": {},
        "name": "",
        "path": ""
    },
    "metrics": {
        "vus": {
            "max": 5,
            "value": 5,
            "min": 5
        },
        "data_sent": {
            "count": 18685,
            "rate": 3226.1801802206232
        },
        "http_req_connecting": {
            "max": 358.677,
            "p(90)": 289.3348,
            "p(95)": 290.51665,
            "avg": 53.04690000000001,
            "min": 0,
            "med": 0
        },
        "iteration_duration": {
            "avg": 1852.9385417333335,
            "min": 1304.853584,
            "med": 1310.273625,
            "max": 3179.37875,
            "p(90)": 3031.8520252000003,
            "p(95)": 3179.3772043999998
        },
        "data_received": {
            "count": 105648,
            "rate": 18241.3424500909
        },
        "http_req_blocked": {
            "p(90)": 1202.1234000000002,
            "p(95)": 1421.7966999999996,
            "avg": 264.8631333333335,
            "min": 0,
            "med": 0.002,
            "max": 1568.995
        },
        "http_reqs": {
            "count": 30,
            "rate": 5.179845084646439
        },
        "http_req_duration": {
            "avg": 160.53606666666667,
            "min": 13.317,
            "med": 166.9185,
            "max": 353.805,
            "p(90)": 299.2672,
            "p(95)": 329.07744999999994
        },
        "http_req_duration{expected_response:true}": {
            "p(90)": 299.2672,
            "p(95)": 329.07744999999994,
            "avg": 160.53606666666667,
            "min": 13.317,
            "med": 166.9185,
            "max": 353.805
        },
        "http_req_failed": {
            "passes": 0,
            "fails": 30,
            "value": 0
        },
        "iterations": {
            "count": 15,
            "rate": 2.5899225423232193
        },
        "http_req_tls_handshaking": {
            "p(95)": 524.5269999999995,
            "avg": 82.36306666666665,
            "min": 0,
            "med": 0,
            "max": 693.554,
            "p(90)": 319.22389999999996
        },
        "http_req_waiting": {
            "avg": 160.03029999999998,
            "min": 12.965,
            "med": 166.5765,
            "max": 353.601,
            "p(90)": 298.0822,
            "p(95)": 328.8545499999999
        },
        "http_req_sending": {
            "p(90)": 0.3763,
            "p(95)": 0.41019999999999995,
            "avg": 0.21490000000000006,
            "min": 0.039,
            "med": 0.188,
            "max": 0.928
        },
        "http_req_receiving": {
            "med": 0.1115,
            "max": 2.585,
            "p(90)": 0.45050000000000023,
            "p(95)": 1.3791499999999988,
            "avg": 0.2908666666666667,
            "min": 0.038
        },
        "vus_max": {
            "value": 5,
            "min": 5,
            "max": 5
        }
    }
}