{
    "root_group": {
        "id": "d41d8cd98f00b204e9800998ecf8427e",
        "groups": {},
        "checks": {},
        "name": "",
        "path": ""
    },
    "metrics": {
        "http_reqs": {
            "count": 38,
            "rate": 6.028461955328463
        },
        "http_req_receiving": {
            "med": 0.1255,
            "max": 12.766,
            "p(90)": 6.353700000000003,
            "p(95)": 9.334199999999996,
            "avg": 1.9781052631578948,
            "min": 0.017
        },
        "http_req_duration{expected_response:true}": {
            "p(95)": 305.60134999999997,
            "avg": 183.64289473684212,
            "min": 36.956,
            "med": 168.564,
            "max": 732.944,
            "p(90)": 303.16339999999997
        },
        "http_req_blocked": {
            "max": 704.846,
            "p(90)": 671.0455000000001,
            "p(95)": 681.9535000000001,
            "avg": 116.7529736842107,
            "min": 0,
            "med": 0.002
        },
        "http_req_tls_handshaking": {
            "p(95)": 332.2333,
            "avg": 54.238710526315785,
            "min": 0,
            "med": 0,
            "max": 348.376,
            "p(90)": 326.7455
        },
        "iterations": {
            "rate": 3.0142309776642313,
            "count": 19
        },
        "http_req_connecting": {
            "avg": 45.90036842105263,
            "min": 0,
            "med": 0,
            "max": 300.01,
            "p(90)": 281.7255,
            "p(95)": 283.52015
        },
        "http_req_duration": {
            "max": 732.944,
            "p(90)": 303.16339999999997,
            "p(95)": 305.60134999999997,
            "avg": 183.64289473684212,
            "min": 36.956,
            "med": 168.564
        },
        "http_req_sending": {
            "min": 0.034,
            "med": 0.16,
            "max": 1.214,
            "p(90)": 0.3068,
            "p(95)": 0.36219999999999997,
            "avg": 0.1985
        },
        "http_req_waiting": {
            "p(90)": 297.8131,
            "p(95)": 305.19984999999997,
            "avg": 181.46628947368424,
            "min": 36.477,
            "med": 162.8295,
            "max": 732.715
        },
        "data_sent": {
            "count": 19117,
            "rate": 3032.7922947372163
        },
        "vus": {
            "value": 4,
            "min": 4,
            "max": 5
        },
        "http_req_failed": {
            "passes": 0,
            "fails": 38,
            "value": 0
        },
        "vus_max": {
            "value": 5,
            "min": 5,
            "max": 5
        },
        "data_received": {
            "count": 120390,
            "rate": 19099.119336894568
        },
        "iteration_duration": {
            "min": 1318.938458,
            "med": 1353.064625,
            "max": 2246.654334,
            "p(90)": 2239.9514006,
            "p(95)": 2243.4623337000003,
            "avg": 1603.1790285789473
        }
    }
}