{
    "metrics": {
        "http_req_receiving": {
            "max": 21.374,
            "p(90)": 19.7444,
            "p(95)": 20.559199999999997,
            "avg": 12.750555555555556,
            "min": 1.861,
            "med": 13.217
        },
        "vus_max": {
            "max": 1,
            "value": 1,
            "min": 1
        },
        "vus": {
            "max": 1,
            "value": 1,
            "min": 1
        },
        "iterations": {
            "rate": 0.8378577652657685,
            "count": 9
        },
        "http_req_duration{expected_response:true}": {
            "min": 134.407,
            "med": 153.059,
            "max": 186.103,
            "p(90)": 172.811,
            "p(95)": 179.457,
            "avg": 156.69688888888888
        },
        "http_req_blocked": {
            "med": 0.002,
            "max": 312.512,
            "p(90)": 62.50480000000006,
            "p(95)": 187.5083999999999,
            "avg": 34.725111111111104,
            "min": 0.001
        },
        "data_received": {
            "count": 88130,
            "rate": 8204.489428096907
        },
        "http_req_duration": {
            "min": 134.407,
            "med": 153.059,
            "max": 186.103,
            "p(90)": 172.811,
            "p(95)": 179.457,
            "avg": 156.69688888888888
        },
        "http_req_connecting": {
            "med": 0,
            "max": 105.592,
            "p(90)": 21.11840000000002,
            "p(95)": 63.35519999999996,
            "avg": 11.732444444444445,
            "min": 0
        },
        "http_req_sending": {
            "min": 0.174,
            "med": 0.338,
            "max": 2.336,
            "p(90)": 0.8024000000000003,
            "p(95)": 1.5691999999999993,
            "avg": 0.5302222222222222
        },
        "http_req_tls_handshaking": {
            "p(95)": 94.52759999999994,
            "avg": 17.50511111111111,
            "min": 0,
            "med": 0,
            "max": 157.546,
            "p(90)": 31.509200000000025
        },
        "iteration_duration": {
            "p(90)": 1240.574266,
            "p(95)": 1346.134716,
            "avg": 1193.3082220000001,
            "min": 1152.119,
            "med": 1155.747875,
            "max": 1451.695166
        },
        "http_reqs": {
            "count": 9,
            "rate": 0.8378577652657685
        },
        "http_req_failed": {
            "passes": 0,
            "fails": 9,
            "value": 0
        },
        "http_req_waiting": {
            "avg": 143.4161111111111,
            "min": 118.854,
            "med": 141.802,
            "max": 168.067,
            "p(90)": 159.603,
            "p(95)": 163.835
        },
        "data_sent": {
            "count": 2703,
            "rate": 251.63661550148578
        }
    },
    "root_group": {
        "name": "",
        "path": "",
        "id": "d41d8cd98f00b204e9800998ecf8427e",
        "groups": {},
        "checks": {}
    }
}