{
    "metrics": {
        "vus_max": {
            "value": 1,
            "min": 1,
            "max": 1
        },
        "http_req_duration{expected_response:true}": {
            "p(90)": 237.1448,
            "p(95)": 242.51839999999999,
            "avg": 188.10688888888888,
            "min": 148.188,
            "med": 182.963,
            "max": 247.892
        },
        "http_req_duration": {
            "p(95)": 242.51839999999999,
            "avg": 188.10688888888888,
            "min": 148.188,
            "med": 182.963,
            "max": 247.892,
            "p(90)": 237.1448
        },
        "http_req_connecting": {
            "max": 118.811,
            "p(90)": 23.76220000000002,
            "p(95)": 71.28659999999996,
            "avg": 13.201222222222222,
            "min": 0,
            "med": 0
        },
        "http_req_sending": {
            "med": 0.389,
            "max": 4.725,
            "p(90)": 1.2978000000000007,
            "p(95)": 3.0113999999999983,
            "avg": 0.8649999999999998,
            "min": 0.338
        },
        "data_sent": {
            "count": 2895,
            "rate": 261.95994175531075
        },
        "http_req_tls_handshaking": {
            "max": 164.741,
            "p(90)": 32.948200000000035,
            "p(95)": 98.84459999999994,
            "avg": 18.304555555555556,
            "min": 0,
            "med": 0
        },
        "http_reqs": {
            "count": 9,
            "rate": 0.8143832386175464
        },
        "http_req_failed": {
            "passes": 0,
            "fails": 9,
            "value": 0
        },
        "http_req_blocked": {
            "p(90)": 68.14720000000005,
            "p(95)": 204.43559999999988,
            "avg": 37.86055555555555,
            "min": 0.002,
            "med": 0.003,
            "max": 340.724
        },
        "iteration_duration": {
            "p(95)": 1446.944041,
            "avg": 1227.7825416666665,
            "min": 1149.617584,
            "med": 1184.766417,
            "max": 1578.577041,
            "p(90)": 1315.3110410000002
        },
        "data_received": {
            "count": 88142,
            "rate": 7975.7074909141975
        },
        "vus": {
            "value": 1,
            "min": 1,
            "max": 1
        },
        "http_req_waiting": {
            "med": 140.654,
            "max": 177.56,
            "p(90)": 153.4304,
            "p(95)": 165.49519999999998,
            "avg": 143.34155555555554,
            "min": 127.215
        },
        "http_req_receiving": {
            "avg": 43.900333333333336,
            "min": 4.981,
            "med": 25.326,
            "max": 106.895,
            "p(90)": 103.3934,
            "p(95)": 105.1442
        },
        "iterations": {
            "count": 9,
            "rate": 0.8143832386175464
        }
    },
    "root_group": {
        "checks": {},
        "name": "",
        "path": "",
        "id": "d41d8cd98f00b204e9800998ecf8427e",
        "groups": {}
    }
}