{
    "metrics": {
        "iterations": {
            "rate": 64.78931051471392,
            "count": 811
        },
        "http_reqs": {
            "count": 811,
            "rate": 64.78931051471392
        },
        "data_received": {
            "rate": 69733.6695986426,
            "count": 872891
        },
        "vus_max": {
            "value": 100,
            "min": 100,
            "max": 100
        },
        "http_req_sending": {
            "p(95)": 0.25549999999999995,
            "avg": 0.1029506781750924,
            "min": 0.013,
            "med": 0.066,
            "max": 0.934,
            "p(90)": 0.208
        },
        "http_req_waiting": {
            "p(90)": 339.269,
            "p(95)": 636.9735,
            "avg": 193.9985043156597,
            "min": 85.731,
            "med": 131.366,
            "max": 1580.346
        },
        "http_req_blocked": {
            "avg": 82.24664734895327,
            "min": 0,
            "med": 0.001,
            "max": 1164.602,
            "p(90)": 479.442,
            "p(95)": 724.3744999999998
        },
        "http_req_tls_handshaking": {
            "min": 0,
            "med": 0,
            "max": 903.599,
            "p(90)": 303.185,
            "p(95)": 534.9334999999984,
            "avg": 57.425549938347736
        },
        "data_sent": {
            "count": 205368,
            "rate": 16406.474872732142
        },
        "http_req_failed": {
            "passes": 801,
            "fails": 10,
            "value": 0.9876695437731196
        },
        "iteration_duration": {
            "avg": 1279.3612781467314,
            "min": 1087.641167,
            "med": 1144.564708,
            "max": 2582.265041,
            "p(90)": 2142.163709,
            "p(95)": 2154.6938954999996
        },
        "http_req_duration{expected_response:true}": {
            "med": 694.5540000000001,
            "max": 773.548,
            "p(90)": 753.4447,
            "p(95)": 763.49635,
            "avg": 701.5015,
            "min": 656.216
        },
        "http_req_connecting": {
            "p(90)": 122.403,
            "p(95)": 163.5085,
            "avg": 19.17755856966708,
            "min": 0,
            "med": 0,
            "max": 220.171
        },
        "http_req_duration": {
            "avg": 196.43121948212087,
            "min": 86.44,
            "med": 137.336,
            "max": 1580.632,
            "p(90)": 339.322,
            "p(95)": 639.1819999999999
        },
        "http_req_receiving": {
            "med": 0.063,
            "max": 108.007,
            "p(90)": 2.474,
            "p(95)": 5.776499999999999,
            "avg": 2.3297644882860635,
            "min": 0.006
        },
        "vus": {
            "value": 1,
            "min": 1,
            "max": 100
        }
    },
    "root_group": {
        "name": "",
        "path": "",
        "id": "d41d8cd98f00b204e9800998ecf8427e",
        "groups": {},
        "checks": {}
    }
}