{
    "root_group": {
        "name": "",
        "path": "",
        "id": "d41d8cd98f00b204e9800998ecf8427e",
        "groups": {},
        "checks": {}
    },
    "metrics": {
        "vus_max": {
            "value": 50,
            "min": 50,
            "max": 50
        },
        "http_req_connecting": {
            "min": 0,
            "med": 0,
            "max": 256.455,
            "p(90)": 193.6068,
            "p(95)": 231.05479999999997,
            "avg": 25.889097619047618
        },
        "http_req_duration": {
            "p(90)": 238.126,
            "p(95)": 246.94825,
            "avg": 196.7334642857143,
            "min": 137.768,
            "med": 197.6715,
            "max": 315.037
        },
        "http_req_tls_handshaking": {
            "max": 267.669,
            "p(90)": 196.5938,
            "p(95)": 243.52059999999994,
            "avg": 27.31651428571428,
            "min": 0,
            "med": 0
        },
        "iteration_duration": {
            "avg": 1256.7906145976199,
            "min": 1138.648833,
            "med": 1200.9665415,
            "max": 1781.001167,
            "p(90)": 1644.02015,
            "p(95)": 1729.81159165
        },
        "http_req_blocked": {
            "p(90)": 441.40430000000003,
            "p(95)": 526.28405,
            "avg": 59.337928571428684,
            "min": 0,
            "med": 0.001,
            "max": 564.916
        },
        "http_req_receiving": {
            "avg": 1.0940785714285723,
            "min": 0.012,
            "med": 0.071,
            "max": 39.259,
            "p(90)": 1.8862,
            "p(95)": 3.9913999999999983
        },
        "http_req_failed": {
            "passes": 405,
            "fails": 15,
            "value": 0.9642857142857143
        },
        "iterations": {
            "count": 420,
            "rate": 37.940657018357584
        },
        "vus": {
            "value": 10,
            "min": 10,
            "max": 50
        },
        "http_req_waiting": {
            "avg": 195.53185476190487,
            "min": 137.342,
            "med": 196.4085,
            "max": 314.974,
            "p(90)": 237.2509,
            "p(95)": 244.08444999999995
        },
        "data_received": {
            "count": 538960,
            "rate": 48686.896444319056
        },
        "http_req_duration{expected_response:true}": {
            "med": 199.881,
            "max": 215.89,
            "p(90)": 213.0402,
            "p(95)": 214.1953,
            "avg": 193.33273333333335,
            "min": 157.22
        },
        "data_sent": {
            "count": 104022,
            "rate": 9396.81672467522
        },
        "http_reqs": {
            "rate": 37.940657018357584,
            "count": 420
        },
        "http_req_sending": {
            "p(95)": 0.2881999999999999,
            "avg": 0.10753095238095242,
            "min": 0.011,
            "med": 0.074,
            "max": 1.64,
            "p(90)": 0.21550000000000005
        }
    }
}