{
    "root_group": {
        "checks": {},
        "name": "",
        "path": "",
        "id": "d41d8cd98f00b204e9800998ecf8427e",
        "groups": {}
    },
    "metrics": {
        "http_reqs": {
            "count": 842,
            "rate": 75.23897085597912
        },
        "http_req_duration{expected_response:true}": {
            "max": 620.149,
            "p(90)": 607.178,
            "p(95)": 613.6635,
            "avg": 419.05709090909096,
            "min": 234.126,
            "med": 485.498
        },
        "http_req_blocked": {
            "avg": 56.496065320663156,
            "min": 0,
            "med": 0.001,
            "max": 806.44,
            "p(90)": 362.33610000000004,
            "p(95)": 503.27989999999994
        },
        "http_req_receiving": {
            "avg": 3.512315914489313,
            "min": 0.006,
            "med": 0.055,
            "max": 613.257,
            "p(90)": 2.3438,
            "p(95)": 4.903699999999998
        },
        "vus": {
            "max": 100,
            "value": 25,
            "min": 25
        },
        "http_req_tls_handshaking": {
            "min": 0,
            "med": 0,
            "max": 612.677,
            "p(90)": 212.01470000000006,
            "p(95)": 340.72915,
            "avg": 37.29914726840853
        },
        "data_sent": {
            "rate": 18472.328991961316,
            "count": 206724
        },
        "iterations": {
            "count": 842,
            "rate": 75.23897085597912
        },
        "http_req_connecting": {
            "avg": 18.97235985748219,
            "min": 0,
            "med": 0,
            "max": 192.171,
            "p(90)": 150.9831,
            "p(95)": 158.4232
        },
        "iteration_duration": {
            "max": 2055.430542,
            "p(90)": 1625.6604419,
            "p(95)": 1704.9863395499976,
            "avg": 1244.8314877589064,
            "min": 1108.482667,
            "med": 1190.844417
        },
        "data_received": {
            "count": 899788,
            "rate": 80402.75903629423
        },
        "http_req_waiting": {
            "min": 107.41,
            "med": 175.09050000000002,
            "max": 1054.222,
            "p(90)": 238.3665,
            "p(95)": 258.80995,
            "avg": 184.13948099762476
        },
        "http_req_duration": {
            "med": 176.4665,
            "max": 1054.378,
            "p(90)": 239.7742,
            "p(95)": 259.71524999999997,
            "avg": 187.73424465558185,
            "min": 107.521
        },
        "http_req_failed": {
            "passes": 831,
            "fails": 11,
            "value": 0.9869358669833729
        },
        "vus_max": {
            "min": 100,
            "max": 100,
            "value": 100
        },
        "http_req_sending": {
            "med": 0.061,
            "max": 1.401,
            "p(90)": 0.1459,
            "p(95)": 0.22489999999999993,
            "avg": 0.0824477434679334,
            "min": 0.015
        }
    }
}