{
    "metrics": {
        "http_req_receiving": {
            "p(95)": 15.068899999999998,
            "avg": 7.409875,
            "min": 0.933,
            "med": 6.609,
            "max": 17.374,
            "p(90)": 12.763800000000002
        },
        "http_reqs": {
            "count": 8,
            "rate": 0.7812149063616283
        },
        "http_req_connecting": {
            "p(95)": 95.23019999999995,
            "avg": 18.3135,
            "min": 0,
            "med": 0,
            "max": 146.508,
            "p(90)": 43.952400000000026
        },
        "data_sent": {
            "count": 2667,
            "rate": 260.4375194083078
        },
        "http_req_duration{expected_response:true}": {
            "avg": 222.68900000000002,
            "min": 163.516,
            "med": 180.356,
            "max": 383.516,
            "p(90)": 307.09000000000003,
            "p(95)": 345.303
        },
        "vus_max": {
            "min": 1,
            "max": 1,
            "value": 1
        },
        "http_req_blocked": {
            "min": 0.001,
            "med": 0.002,
            "max": 444.177,
            "p(90)": 133.2552000000001,
            "p(95)": 288.71609999999987,
            "avg": 55.523875000000004
        },
        "http_req_sending": {
            "p(90)": 0.9341000000000003,
            "p(95)": 1.5315499999999995,
            "avg": 0.570875,
            "min": 0.276,
            "med": 0.39,
            "max": 2.129
        },
        "http_req_waiting": {
            "avg": 214.70825,
            "min": 154.241,
            "med": 173.3965,
            "max": 378.633,
            "p(90)": 304.7788,
            "p(95)": 341.7059
        },
        "iteration_duration": {
            "p(90)": 1455.2640875,
            "p(95)": 1536.9579812499999,
            "avg": 1279.9415521249998,
            "min": 1165.195666,
            "med": 1223.5838334999999,
            "max": 1618.651875
        },
        "http_req_duration": {
            "avg": 222.68900000000002,
            "min": 163.516,
            "med": 180.356,
            "max": 383.516,
            "p(90)": 307.09000000000003,
            "p(95)": 345.303
        },
        "http_req_tls_handshaking": {
            "max": 174.149,
            "p(90)": 52.24470000000003,
            "p(95)": 113.19684999999994,
            "avg": 21.768625,
            "min": 0,
            "med": 0
        },
        "http_req_failed": {
            "passes": 0,
            "fails": 8,
            "value": 0
        },
        "vus": {
            "value": 1,
            "min": 1,
            "max": 1
        },
        "data_received": {
            "rate": 7710.39582206268,
            "count": 78958
        },
        "iterations": {
            "count": 8,
            "rate": 0.7812149063616283
        }
    },
    "root_group": {
        "name": "",
        "path": "",
        "id": "d41d8cd98f00b204e9800998ecf8427e",
        "groups": {},
        "checks": {}
    }
}