{
    "metrics": {
        "iteration_duration": {
            "min": 1136.649959,
            "med": 1162.429042,
            "max": 1510.689834,
            "p(90)": 1278.0513004000002,
            "p(95)": 1394.3705671999999,
            "avg": 1201.4621529999997
        },
        "http_req_failed": {
            "passes": 0,
            "fails": 9,
            "value": 0
        },
        "vus_max": {
            "value": 1,
            "min": 1,
            "max": 1
        },
        "http_req_blocked": {
            "max": 354.012,
            "p(90)": 70.80480000000007,
            "p(95)": 212.4083999999999,
            "avg": 39.336666666666666,
            "min": 0.001,
            "med": 0.002
        },
        "data_sent": {
            "count": 2751,
            "rate": 254.39196021535375
        },
        "http_req_duration": {
            "avg": 160.35155555555556,
            "min": 135.012,
            "med": 155.672,
            "max": 217.031,
            "p(90)": 174.0574,
            "p(95)": 195.5442
        },
        "http_req_tls_handshaking": {
            "p(90)": 31.37440000000003,
            "p(95)": 94.12319999999995,
            "avg": 17.430222222222223,
            "min": 0,
            "med": 0,
            "max": 156.872
        },
        "http_reqs": {
            "rate": 0.8322528687525205,
            "count": 9
        },
        "http_req_connecting": {
            "avg": 13.481666666666666,
            "min": 0,
            "med": 0,
            "max": 121.335,
            "p(90)": 24.26700000000002,
            "p(95)": 72.80099999999996
        },
        "http_req_receiving": {
            "p(95)": 66.95119999999997,
            "avg": 20.378333333333337,
            "min": 0.24,
            "med": 12.576,
            "max": 94.44,
            "p(90)": 39.46240000000001
        },
        "data_received": {
            "count": 88140,
            "rate": 8150.52976131635
        },
        "iterations": {
            "count": 9,
            "rate": 0.8322528687525205
        },
        "http_req_waiting": {
            "p(90)": 152.2064,
            "p(95)": 153.3572,
            "avg": 139.46077777777776,
            "min": 120.935,
            "med": 138.381,
            "max": 154.508
        },
        "vus": {
            "min": 1,
            "max": 1,
            "value": 1
        },
        "http_req_duration{expected_response:true}": {
            "p(95)": 195.5442,
            "avg": 160.35155555555556,
            "min": 135.012,
            "med": 155.672,
            "max": 217.031,
            "p(90)": 174.0574
        },
        "http_req_sending": {
            "avg": 0.5124444444444445,
            "min": 0.164,
            "med": 0.321,
            "max": 1.656,
            "p(90)": 1.0232,
            "p(95)": 1.3395999999999997
        }
    },
    "root_group": {
        "name": "",
        "path": "",
        "id": "d41d8cd98f00b204e9800998ecf8427e",
        "groups": {},
        "checks": {}
    }
}