{
    "root_group": {
        "groups": {},
        "checks": {},
        "name": "",
        "path": "",
        "id": "d41d8cd98f00b204e9800998ecf8427e"
    },
    "metrics": {
        "iteration_duration": {
            "avg": 1202.5689954444445,
            "min": 1047.882625,
            "med": 1209.478209,
            "max": 1351.815583,
            "p(90)": 1350.7754502,
            "p(95)": 1351.2955166000002
        },
        "http_req_receiving": {
            "med": 92.542,
            "max": 324.156,
            "p(90)": 289.3872,
            "p(95)": 306.7716,
            "avg": 145.0152222222222,
            "min": 12.436
        },
        "http_req_sending": {
            "p(90)": 0.7142000000000002,
            "p(95)": 1.1945999999999997,
            "avg": 0.486,
            "min": 0.09,
            "med": 0.351,
            "max": 1.675
        },
        "vus_max": {
            "value": 1,
            "min": 1,
            "max": 1
        },
        "http_req_tls_handshaking": {
            "min": 0,
            "med": 0,
            "max": 78.692,
            "p(90)": 15.738400000000013,
            "p(95)": 47.21519999999997,
            "avg": 8.743555555555554
        },
        "http_reqs": {
            "count": 9,
            "rate": 0.8314765998926287
        },
        "http_req_waiting": {
            "p(95)": 42.443599999999996,
            "avg": 24.73211111111111,
            "min": 16.784,
            "med": 21.724,
            "max": 48.118,
            "p(90)": 36.769200000000005
        },
        "http_req_failed": {
            "passes": 0,
            "fails": 9,
            "value": 0
        },
        "data_sent": {
            "count": 2751,
            "rate": 254.1546807005135
        },
        "http_req_duration{expected_response:true}": {
            "min": 46.783,
            "med": 109.677,
            "max": 350.428,
            "p(90)": 333.5152,
            "p(95)": 341.97159999999997,
            "avg": 170.2333333333333
        },
        "data_received": {
            "count": 88118,
            "rate": 8140.8950032598505
        },
        "http_req_blocked": {
            "min": 0.001,
            "med": 0.002,
            "max": 279.041,
            "p(90)": 55.81060000000005,
            "p(95)": 167.4257999999999,
            "avg": 31.006222222222213
        },
        "vus": {
            "value": 1,
            "min": 1,
            "max": 1
        },
        "iterations": {
            "count": 9,
            "rate": 0.8314765998926287
        },
        "http_req_duration": {
            "max": 350.428,
            "p(90)": 333.5152,
            "p(95)": 341.97159999999997,
            "avg": 170.2333333333333,
            "min": 46.783,
            "med": 109.677
        },
        "http_req_connecting": {
            "avg": 20.134666666666664,
            "min": 0,
            "med": 0,
            "max": 181.212,
            "p(90)": 36.24240000000003,
            "p(95)": 108.72719999999993
        }
    }
}