{
    "metrics": {
        "data_sent": {
            "count": 2703,
            "rate": 256.18682170439774
        },
        "http_req_blocked": {
            "avg": 33.178666666666665,
            "min": 0,
            "med": 0.002,
            "max": 298.596,
            "p(90)": 59.720800000000054,
            "p(95)": 179.1583999999999
        },
        "http_req_connecting": {
            "med": 0,
            "max": 104.82,
            "p(90)": 20.964000000000016,
            "p(95)": 62.89199999999996,
            "avg": 11.646666666666667,
            "min": 0
        },
        "http_req_tls_handshaking": {
            "avg": 16.86211111111111,
            "min": 0,
            "med": 0,
            "max": 151.759,
            "p(90)": 30.351800000000026,
            "p(95)": 91.05539999999993
        },
        "iteration_duration": {
            "avg": 1172.2093657777777,
            "min": 1100.32725,
            "med": 1147.201,
            "max": 1419.680333,
            "p(90)": 1218.4768994,
            "p(95)": 1319.0786162
        },
        "data_received": {
            "count": 88109,
            "rate": 8350.856335017677
        },
        "iterations": {
            "count": 9,
            "rate": 0.8530082853642544
        },
        "http_req_sending": {
            "avg": 0.3371111111111111,
            "min": 0.132,
            "med": 0.302,
            "max": 0.587,
            "p(90)": 0.4462,
            "p(95)": 0.5166
        },
        "http_req_failed": {
            "passes": 0,
            "fails": 9,
            "value": 0
        },
        "vus": {
            "value": 1,
            "min": 1,
            "max": 1
        },
        "vus_max": {
            "value": 1,
            "min": 1,
            "max": 1
        },
        "http_req_waiting": {
            "p(90)": 155.89239999999998,
            "p(95)": 159.38519999999997,
            "avg": 126.951,
            "min": 94.987,
            "med": 123.041,
            "max": 162.878
        },
        "http_req_duration": {
            "max": 167.039,
            "p(90)": 164.4934,
            "p(95)": 165.7662,
            "avg": 137.555,
            "min": 98.995,
            "med": 144.642
        },
        "http_reqs": {
            "rate": 0.8530082853642544,
            "count": 9
        },
        "http_req_receiving": {
            "avg": 10.266888888888886,
            "min": 3.548,
            "med": 3.898,
            "max": 22.503,
            "p(90)": 21.8382,
            "p(95)": 22.1706
        },
        "http_req_duration{expected_response:true}": {
            "avg": 137.555,
            "min": 98.995,
            "med": 144.642,
            "max": 167.039,
            "p(90)": 164.4934,
            "p(95)": 165.7662
        }
    },
    "root_group": {
        "name": "",
        "path": "",
        "id": "d41d8cd98f00b204e9800998ecf8427e",
        "groups": {},
        "checks": {}
    }
}