{
    "root_group": {
        "name": "",
        "path": "",
        "id": "d41d8cd98f00b204e9800998ecf8427e",
        "groups": {},
        "checks": {}
    },
    "metrics": {
        "http_req_waiting": {
            "p(90)": 181.28960000000004,
            "p(95)": 247.57079999999993,
            "avg": 147.35966666666667,
            "min": 108.738,
            "med": 123.856,
            "max": 313.852
        },
        "vus_max": {
            "value": 1,
            "min": 1,
            "max": 1
        },
        "http_req_duration": {
            "avg": 205.0544444444444,
            "min": 139.527,
            "med": 177.796,
            "max": 321.667,
            "p(90)": 315.93739999999997,
            "p(95)": 318.80219999999997
        },
        "iterations": {
            "count": 9,
            "rate": 0.8034440253045588
        },
        "http_req_connecting": {
            "avg": 11.750222222222222,
            "min": 0,
            "med": 0,
            "max": 105.752,
            "p(90)": 21.15040000000002,
            "p(95)": 63.45119999999996
        },
        "http_req_failed": {
            "passes": 0,
            "fails": 9,
            "value": 0
        },
        "http_req_blocked": {
            "avg": 37.98388888888889,
            "min": 0.001,
            "med": 0.002,
            "max": 341.84,
            "p(90)": 68.36960000000005,
            "p(95)": 205.10479999999987
        },
        "http_req_receiving": {
            "avg": 57.233222222222224,
            "min": 0.301,
            "med": 30.495,
            "max": 197.45,
            "p(90)": 139.3356,
            "p(95)": 168.39279999999997
        },
        "http_reqs": {
            "count": 9,
            "rate": 0.8034440253045588
        },
        "http_req_tls_handshaking": {
            "min": 0,
            "med": 0,
            "max": 161.928,
            "p(90)": 32.385600000000025,
            "p(95)": 97.15679999999995,
            "avg": 17.992
        },
        "data_sent": {
            "count": 2799,
            "rate": 249.8710918697178
        },
        "iteration_duration": {
            "avg": 1244.5324954444445,
            "min": 1141.132125,
            "med": 1178.908208,
            "max": 1522.41025,
            "p(90)": 1362.87785,
            "p(95)": 1442.6440499999999
        },
        "http_req_duration{expected_response:true}": {
            "avg": 205.0544444444444,
            "min": 139.527,
            "med": 177.796,
            "max": 321.667,
            "p(90)": 315.93739999999997,
            "p(95)": 318.80219999999997
        },
        "http_req_sending": {
            "med": 0.322,
            "max": 1.511,
            "p(90)": 0.6486000000000002,
            "p(95)": 1.0797999999999994,
            "avg": 0.46155555555555544,
            "min": 0.262
        },
        "vus": {
            "value": 1,
            "min": 1,
            "max": 1
        },
        "data_received": {
            "rate": 7868.484426041013,
            "count": 88141
        }
    }
}