{
    "metrics": {
        "http_req_tls_handshaking": {
            "p(90)": 186.27350000000004,
            "p(95)": 297.334,
            "avg": 30.866171874999996,
            "min": 0,
            "med": 0,
            "max": 359.571
        },
        "http_req_connecting": {
            "max": 167.598,
            "p(90)": 159.909,
            "p(95)": 163.08225,
            "avg": 17.993559027777774,
            "min": 0,
            "med": 0
        },
        "http_req_failed": {
            "fails": 12,
            "passes": 564,
            "value": 0.9791666666666666
        },
        "http_req_waiting": {
            "min": 92.448,
            "med": 154.4695,
            "max": 226.034,
            "p(90)": 181.4165,
            "p(95)": 195.66774999999998,
            "avg": 155.97312847222227
        },
        "http_reqs": {
            "count": 576,
            "rate": 52.27767760410678
        },
        "vus_max": {
            "value": 64,
            "min": 64,
            "max": 64
        },
        "data_received": {
            "count": 642213,
            "rate": 58287.16001244137
        },
        "http_req_receiving": {
            "med": 0.065,
            "max": 16.088,
            "p(90)": 1.618,
            "p(95)": 4.401999999999999,
            "avg": 0.6931666666666669,
            "min": 0.008
        },
        "vus": {
            "max": 64,
            "value": 24,
            "min": 24
        },
        "http_req_duration{expected_response:true}": {
            "p(90)": 220.8399,
            "p(95)": 221.91105,
            "avg": 201.6101666666667,
            "min": 176.599,
            "med": 203.6855,
            "max": 222.807
        },
        "http_req_blocked": {
            "max": 572.647,
            "p(90)": 396.90600000000006,
            "p(95)": 512.1479999999999,
            "avg": 54.505625000000144,
            "min": 0,
            "med": 0.001
        },
        "data_sent": {
            "rate": 12150.20356982115,
            "count": 133872
        },
        "iteration_duration": {
            "max": 1729.365542,
            "p(90)": 1600.9543535,
            "p(95)": 1687.397802,
            "avg": 1212.1751353819454,
            "min": 1093.906084,
            "med": 1157.1945
        },
        "http_req_duration": {
            "min": 92.591,
            "med": 155.394,
            "max": 226.486,
            "p(90)": 181.72050000000002,
            "p(95)": 198.06725,
            "avg": 156.83785763888883
        },
        "http_req_sending": {
            "avg": 0.17156250000000012,
            "min": 0.017,
            "med": 0.1195,
            "max": 5.378,
            "p(90)": 0.305,
            "p(95)": 0.38425
        },
        "iterations": {
            "count": 576,
            "rate": 52.27767760410678
        }
    },
    "root_group": {
        "checks": {},
        "name": "",
        "path": "",
        "id": "d41d8cd98f00b204e9800998ecf8427e",
        "groups": {}
    }
}